{"cameraMode":{"drawMode":0,"name":"Shaded","section":"Shading Mode"},"sceneLighting":true,"audioPlay":false,"sceneViewState":{"showFog":true,"showMaterialUpdate":false,"showSkybox":true,"showFlares":true,"showImageEffects":true,"showParticleSystems":true},"in2DMode":false,"pivot":{"x":0.44142818450927737,"y":-0.21216869354248048,"z":-7.692514419555664},"rotation":{"x":-0.2869091331958771,"y":0.5617257952690125,"z":-0.2162591964006424,"w":-0.7452377080917358},"size":15.612740516662598,"orthographic":false}