{"cameraMode":{"drawMode":0,"name":"Shaded","section":"Shading Mode"},"sceneLighting":false,"audioPlay":false,"sceneViewState":{"showFog":true,"showMaterialUpdate":false,"showSkybox":false,"showFlares":true,"showImageEffects":true,"showParticleSystems":true},"in2DMode":false,"pivot":{"x":-1.038482904434204,"y":3.701275587081909,"z":-1.8457229137420655},"rotation":{"x":0.011099188588559628,"y":0.7951623201370239,"z":-0.014560832642018795,"w":0.6061201691627502},"size":2.6221721172332765,"orthographic":false}