{"cameraMode":{"drawMode":0,"name":"Shaded","section":"Shading Mode"},"sceneLighting":true,"audioPlay":false,"sceneViewState":{"showFog":true,"showMaterialUpdate":false,"showSkybox":true,"showFlares":true,"showImageEffects":true,"showParticleSystems":true},"in2DMode":false,"pivot":{"x":0.3672022223472595,"y":-2.998992919921875,"z":9.114421844482422},"rotation":{"x":0.2219112366437912,"y":0.017237061634659768,"z":-0.003923377953469753,"w":0.9749066233634949},"size":23.415937423706056,"orthographic":false}