{"cameraMode":{"drawMode":0,"name":"Shaded","section":"Shading Mode"},"sceneLighting":true,"audioPlay":false,"sceneViewState":{"showFog":true,"showMaterialUpdate":false,"showSkybox":true,"showFlares":true,"showImageEffects":true,"showParticleSystems":true},"in2DMode":false,"pivot":{"x":0.0,"y":1.1050573587417603,"z":1.8217315673828126},"rotation":{"x":-0.08818766474723816,"y":0.7667380571365356,"z":-0.10790090262889862,"w":-0.6266523599624634},"size":3.8820109367370607,"orthographic":true}