{"cameraMode":{"drawMode":0,"name":"Shaded","section":"Shading Mode"},"sceneLighting":true,"audioPlay":false,"sceneViewState":{"showFog":true,"showMaterialUpdate":false,"showSkybox":true,"showFlares":true,"showImageEffects":true,"showParticleSystems":true},"in2DMode":false,"pivot":{"x":-18.466468811035158,"y":-10.488927841186524,"z":-7.776893138885498},"rotation":{"x":0.06679840385913849,"y":-0.9192225933074951,"z":0.17811718583106996,"w":0.3447348475456238},"size":37.81234359741211,"orthographic":true}