{"cameraMode":{"drawMode":0,"name":"Shaded","section":"Shading Mode"},"sceneLighting":false,"audioPlay":false,"sceneViewState":{"showFog":true,"showMaterialUpdate":false,"showSkybox":false,"showFlares":true,"showImageEffects":true,"showParticleSystems":true},"in2DMode":false,"pivot":{"x":32.06773376464844,"y":3.866807699203491,"z":-27.75072479248047},"rotation":{"x":-0.0019868051167577507,"y":-0.9715891480445862,"z":0.00816075224429369,"w":-0.23652499914169312},"size":64.76400756835938,"orthographic":false}