{"cameraMode":{"drawMode":0,"name":"Shaded","section":"Shading Mode"},"sceneLighting":false,"audioPlay":false,"sceneViewState":{"showFog":true,"showMaterialUpdate":false,"showSkybox":false,"showFlares":true,"showImageEffects":true,"showParticleSystems":true},"in2DMode":false,"pivot":{"x":-23.02947998046875,"y":3.503345012664795,"z":12.217958450317383},"rotation":{"x":-0.04373786970973015,"y":0.6749398112297058,"z":-0.040137700736522678,"w":-0.7354809641838074},"size":18.370132446289064,"orthographic":false}